infraction_code,description,tickets,total_fines,avg_fine
3,PARK ON PRIVATE PROPERTY,1085167,64715355,59.64
207,PARK MACHINE-REQD FEE NOT PAID,849159,32175490,37.89
29,PARK PROHIBITED TIME NO PERMIT,809625,29392125,36.3
5,PARK-SIGNED HWY-PROHIBIT DY/TM,769476,43567965,56.62
9,STOP-SIGNED HWY-PROHIBIT TM/DY,349082,38249380,109.57
2,PARK - LONGER THAN 3 HOURS,321221,11292760,35.16
403,STOP-SIGNED HIGHWAY-RUSH HOUR,199508,35979280,180.34
8,STAND VEH.-PROHIBIT TIME/DAY,163779,17788920,108.62
312,PARKING MACH-NOT USED/NO FEE,130750,9806250,75.0
4,PARK ON MUNICIPAL PROPERTY,125956,7576095,60.15
6,PARK-SIGNED HWY-EXC PERMT TIME,122605,5402070,44.06
15,PARK-WITHIN 3M OF FIRE HYDRANT,76643,8542350,111.46
28,PARK-N.YORK 2AM-6AM DEC1-MAR31,72562,3212610,44.27
415,PARK COMMERC LOAD ZONE NOT LDG,62651,2771250,44.23
192,STAND SIGNED TRANSIT STOP,42203,7010450,166.11
347,PARK IN A FIRE ROUTE,40947,10236750,250.0
30,STOP-(ON/OVER) (SIDEWK/FTPATH),33636,5763500,171.35
134,PARK-SIGNED HWY-PUBLIC LANE,28545,1287120,45.09
336,PARK-FAIL TO DISPLAY PERMIT,21958,658740,30.0
384,STOP VEH OTR THN BCYCL-BYCL LN,21536,3871300,179.76
257,PARK CONTRARY POSTED CONDITION,20999,2099900,100.0
419,STAND NON-TAXI IN SIGNED STAND,19354,1286940,66.49
250,PARK IN PARK NOT IN DESIG AREA,19211,1921100,100.0
337,PARK - ON BOULEVARD,18753,1120750,59.76
367,STND ONSTRT ACCESSIBLE NO PRMT,14465,6509250,450.0
14,PARK-OBSTRUCT (DRWAY/LANEWAY),14455,830985,57.49
355,PARK IN ACCESSIBLE NO PERMIT,13197,5938650,450.0
90,PARK NON-MTRCYCLE IN MTRCYC SP,12635,548250,43.39
48,FAIL TO PARK/STOP PARALL. CURB,11140,383630,34.44
383,STOP NON-BICYCLE IN CYCLE TRCK,10886,1957350,179.8
16,PARK-WITHIN 9M INTERSECT ROAD,10278,629750,61.27
49,FAIL TO PARK/STOP PARALL. RGHT,9385,322780,34.39
320,PARK NON-BUS-BUS PK ZNE DY/TM,9258,1537900,166.12
363,PARK ONSTRT ACCESSIBLE NO PRMT,7367,3315150,450.0
423,STOP VEH.RESRVD/DESIG LN TM/DY,6939,1124470,162.05
417,STAND VEH.-PSGR LD ZN LD/UNLD,6475,712080,109.97
338,PARK - BETWEEN ROAD & SIDEWALK,5876,351660,59.85
313,PARK-FAIL TO ACTIVATE MACHINE,5510,413250,75.0
314,PARK - NOT WITHIN PERIOD,4273,320475,75.0
94,PARK VEHICLE - SNOW ROUTE,4113,363180,88.3
18,PARK-30.5M SIGNALIZED INTERSCT,3395,226600,66.75
370,STAND UNAUTH VEH. CAR SHARE,3202,209130,65.31
31,STOP-ROAD SIDE-STOP/PARK VEH.,3133,469950,150.0
99,STOP-NON-SCHL BUS IN SCHL LDZN,2828,308060,108.93
208,PARK MACHINE-FAIL TO ACTIVATE,2692,130760,48.57
11,PARK/STOP RGHT WHLS > 30CM CRB,2633,96190,36.53
414,PARK VEH.-COMMERCIAL LOAD ZONE,2544,117200,46.07
37,PARK HEAVY (TRUCK/VEH.) TM/DY,2334,210060,90.0
77,PARK-(FRNT/60 CM) DRWAY/LANEWY,2254,143300,63.58
86,"PARK-SIGNED HWY-""T"" INTERSECTN",2196,133585,60.83
369,STND ONSTRT ACCESSIBLE NOT D/O,1600,720000,450.0
404,STOP-9 M PEDESTRIAN X BEYOND,1458,98250,67.39
317,PARK/LEAVE CONTRARY TO SIGN,1340,100500,75.0
360,STND ACCESSIBLE LOAD NO PERMIT,1278,575100,450.0
307,PARK VEHICLE OUTSIDE OF SPACE,1235,92625,75.0
434,PARK UNAUTH VEH ELEC CHG STN,1114,71175,63.89
405,STOP-15M PEDESTRIAN X APPROACH,1098,75630,68.88
70,STOP - ON CENTRE STRIP,994,66645,67.05
357,PARK ACCESSIBLE NOT DROP OFF,924,415800,450.0
315,PARK-ISSUED CARD NOT DISPLAYED,832,62400,75.0
406,PARK-VEH. W/O VALID ONT PLATE,791,35680,45.11
356,STAND IN ACCESSIBLE NO PERMIT,692,311400,450.0
50,FAIL PARK/STP NEAR RIGHT LIMIT,599,20490,34.21
364,STND ONSTRT ACCESSIBLE NO PRMT,549,247050,450.0
83,PARK-SIGNED HWY-TURNING BASIN,547,24380,44.57
340,PARK - ON FRONT YARD,533,32130,60.28
420,STAND TAXI-SIGNED STD-NOT HIRE,518,31080,60.0
362,STND ACCESSIBLE LOAD NOT DRP/O,490,220500,450.0
387,PARK PRO VEH ON BICYCLE PATH,488,71000,145.49
17,PARK-SIGNED HWY-15M INTERSECTN,484,29250,60.43
416,STAND VEH.-PSGR LD ZN DAY TIME,455,47680,104.79
259,PARK ACC NO PERMIT,448,134400,300.0
57,STOP-WITHIN (INTERSCTN/PED X),443,57380,129.53
449,ACC PRMT PARK LONGER THAN 24HR,413,30975,75.0
65,STOP - ON BRIDGE,387,25830,66.74
418,PARK TAXI FOR HIRE-UNAUTH LOC,380,16630,43.76
61,STOP-ALONGSIDE EXCAV./OBSTR.,358,24915,69.59
85,PARK-15M OF DEAD END STREET,335,14650,43.73
51,FAIL ANGLE PARK/STOP AT 45 DEG,322,9660,30.0
358,STAND ACCESSIBLE NOT DROP OFF,312,140400,450.0
265,PARK VEHICLE ON ROADWAY,298,8940,30.0
335,PARK MORE THAN 7DAYS NO PERMIT,296,11370,38.41
402,STAND VEH.-SIGNED HWY-RUSH HR,268,42000,156.72
1,PARK FAIL TO DEPOSIT FEE METER,260,7800,30.0
322,STOP NON-BUS - BUS LOAD ZONE,237,71100,300.0
435,PARK ELEC VEH CHG NOT CONNECT,228,15450,67.76
366,PARK ONSTRT ACCESSIBLE NO PRMT,225,101250,450.0
255,PARK OVERNIGHT NO PERMIT,222,22200,100.0
448,DSPLY ACC PRMT ON VEH>3000 KGS,191,57300,300.0
68,STOP - IN UNDERPASS,177,10710,60.51
69,STOP - ON MIDDLE BOULEVARD,172,11850,68.9
308,PARK - 2 SPACES - NO FEE,170,12750,75.0
359,PARK ACCESSIBLE LOAD NO PERMIT,168,75600,450.0
440,PRK CAR-SHR VEH. IN WAITL AREA,160,5600,35.0
368,PARK ONSTRT ACCESSIBLE NOT D/O,155,69750,450.0
71,STOP-ADJACENT MID. BOUL. SIDE,148,10425,70.44
408,PARK-15M MAILBOX SAME SIDE,141,5640,40.0
209,PARK MACHINE-NOT IN PERMITD TM,131,3930,30.0
248,PARK VEHICLE WHILE NOT IN PARK,127,12700,100.0
22,PARK-15M FAR SIDE OF CROSSWALK,120,6340,52.83
56,FAIL PARK/STP LEFT WHLS PARALL,119,3570,30.0
54,PARK/STOP LEFT WHLS > 30CM LFT,105,3150,30.0
361,PARK ACCESSIBLE LOAD NOT DRP/O,102,45900,450.0
52,FAIL TO (PARK/STOP) ANGLE SPCE,96,3060,31.88
224,PARK VEH.-PROHIBITED AREA SNOW,85,6540,76.94
324,PARK ELECTRIC VEHICLE,84,6300,75.0
148,STOP UNAUTH VEHICLE VEND AREA,82,5295,64.57
12,PARK VEHICLE - FOR SALE,79,1525,19.3
55,PRK/STP LEFT WHLS CLSE TO LEFT,77,2310,30.0
222,PARK VEH.-BLOCK STCAR SNOW RT,76,15200,200.0
374,STND BUS-SIGNED HWY-PROH DY/TM,70,21000,300.0
409,STOP-WITHIN 9M OF SCHOOL CROSS,69,8200,118.84
407,PARK-W/O VALID NON-ONT PLATE,67,3060,45.67
249,PARK VEHICLE LONGER THAN 24HR,61,6100,100.0
365,STOP ONSTRT ACCESSIBLE NO PRMT,60,27000,450.0
13,PARK VEH.-WASH/GREASE/REPAIR,57,1225,21.49
385,PARK PRO VEH ON FOOTPATH,51,6420,125.88
23,PARK-30.5M APPROACH TO CRSSWLK,49,2660,54.29
410,STAND CAR-SHARE VEH.-NO PERM,48,3090,64.38
220,PARK VEH.-STRTCAR TRK SNOW RT,47,9400,200.0
444,PRK NON-ELEC VEH. ON MUNI ELEC,47,3525,75.0
386,PARK PRO VEH ON PEDESTRIAN WAY,44,5860,133.18
20,PARK-7.5M FIRE HALL SAME SIDE,43,2455,57.09
342,PARK LT 0.3M FROM SIDEWALK,42,2300,54.76
309,PARK-2 SPACES-NO FEE-MTR/MACH,38,2850,75.0
446,PRK NON-ELEC VEH. ON PVT ELEC,38,2850,75.0
373,STOP BUS-SIGNED HWY-PROH DY/TM,37,11100,300.0
79,PARK-SIGNED HWY-LESS THAN 6M W,36,1670,46.39
422,PARK MTRCYCLE ANGLE SP > 60DEG,33,495,15.0
323,PARK NON-ELECTRIC VEHICLE,33,2475,75.0
63,STOP-ACROSS FROM EXCAV./OBSTR.,32,2055,64.22
21,PARK-30.5M FIRE HALL OPP SIDE,30,1830,61.0
445,PRK ELEC VEH. ON MUNI NT CNCTD,30,2250,75.0
310,PARK - METER NOT USED,27,2025,75.0
267,STOP VEH - PROHIBITED TIME,26,1460,56.15
372,PARK BUS-SIGNED HWY-PROH DY/TM,26,7800,300.0
19,PARK-FRONT OF BLDG ENTRY/EXIT,26,1130,43.46
87,PARK MOTORCYCLE-METER-LT 45DEG,25,750,30.0
430,PARK-FAIL TO ACTIVATE METER,24,720,30.0
261,PARK MTR REC VE NOT DESIG AREA,22,3850,175.0
443,PRK FAIL TO DSPLY CAR-SHR PRMT,20,700,35.0
332,PARK NON-BUS-BUS PK SPC/MCHINE,16,580,36.25
33,STAND VEHICLE-SIGNED HIGHWAY-3,13,0,0.0
211,PARK OTHER THAN METERED SPACE,11,330,30.0
339,PARK - BOULEVD NO VALID PLATES,11,590,53.64
38,PARK OTHER THAN METERED SPACE,9,270,30.0
260,STOP ACC NO PERMIT,9,2700,300.0
447,PRK ELEC VEH. ON PVT NT CNCTD,9,675,75.0
264,STAND VEH - PROHIBITED TIME,8,455,56.88
95,STAND VEHICLE - SNOW ROUTE,8,480,60.0
81,PARK-PREVENT VEHICLE REMOVAL,8,340,42.5
72,STOP-ADJACENT MID. BOUL. END,7,465,66.43
66,STOP - ON ELEVATED STRUCTURE,7,525,75.0
263,PARK VEH LNGR THAN 20 MIN,6,330,55.0
32,STAND VEHICLE-SIGNED HIGHWAY,6,0,0.0
425,PARK MOTORCYCLE-MCHNE LT 45DEG,6,180,30.0
437,PARK PRIVATE VEHICLE ON SITE,5,2500,500.0
7,PARK IN DESIGNATED FIRE ROUTE,5,0,0.0
348,PARK IN ACCESSIBLE NO PERMIT,4,0,0.0
73,STOP-ADJACENT CNTRE STRIP SIDE,4,270,67.5
343,PARK LT 0.3M FROM RES BLD DOOR,4,220,55.0
421,PARK MTRCYCLE ANGLE SP < 45DEG,4,60,15.0
74,STOP-ADJACENT CENTRE STRIP END,4,270,67.5
432,PARK MOTORCYCLE-METER-GT 60DEG,4,120,30.0
353,PARK ONSTRT ACCESSIBLE NO PRMT,3,0,0.0
223,STAND VEH.-BLOCK STCAR SNOW RT,3,600,200.0
34,STAND VEHICLE SIGNED HIGHWAY 2,3,0,0.0
345,PARK LT 0.3M FROM WINDOW,3,190,63.33
333,PARK BUS PK SPC/MCHINE-PR TIME,3,900,300.0
39,PARK MTRD EXCEEDS MAXIMUM TIME,2,60,30.0
433,PARK NON-BUS IN BUS SPACE-METR,2,60,30.0
80,PARK-ALONGSIDE (RAILWAY/CROSS),2,80,40.0
210,PARK FAIL TO DISPLAY RECEIPT,2,0,0.0
53,FAIL TO PARK/STOP PARALLEL TO,2,0,0.0
262,STAND VEHICLE WHERE PROHIBITED,2,110,55.0
40,PARAL PRK-MTRD-FR WHLS NO OPP,2,0,0.0
78,PARK-15M OF RAILWAY TRK/X'ING,2,150,75.0
426,PARK MOTORCYCLE-MCHNE GT 60DEG,2,60,30.0
424,PARK BUS-FAIL TO ACTIV MACHINE,2,600,300.0
341,PARK - FR YARD NO VALID PLATES,2,140,70.0
212,PARK EXCEEDS MAXIMUM TIME,1,30,30.0
203,STAND HANDICAP LOADING ZONE,1,0,0.0
59,STOP - BESIDE SAFETY ZONE,1,60,60.0
158,PARK VEHICLE IN CITY PARK,1,0,0.0
344,PARK LT 0.3M FROM BOTTOM STEP,1,50,50.0
302,PAR PARK-R OF VEH NOT OPP MTR,1,75,75.0
251,LEAVE IN PARK NOT DESIG AREA,1,0,0.0
60,STOP-WITHIN 15M OF SAFETY ZONE,1,60,60.0
84,PARK-INTERF W FUNERAL PROCESS.,1,50,50.0
319,PARK/LEAVE BUS CONTR. TO SIGN,1,150,150.0
45,ANGLE PARK-METERED SPACE-FRONT,1,0,0.0
58,STOP WITHIN 9.0 M OF CROSSWALK,1,0,0.0
200,PARK ON-STREET HANDICAP SPACE,1,0,0.0
147,STOP/STAND/PARK - NO VEND ZONE,1,0,0.0
301,PAR PARK - F TIRES NOT OPP MTR,1,75,75.0
